{
  "project_info": {
    "project_number": "806278967215",
    "firebase_url": "https://sdpvocabquiz-77654.firebaseio.com",
    "project_id": "sdpvocabquiz-77654",
    "storage_bucket": "sdpvocabquiz-77654.appspot.com"
  },
  "client": [
    {
      "client_info": {
        "mobilesdk_app_id": "1:806278967215:android:a487970776ac2f56",
        "android_client_info": {
          "package_name": "edu.gatech.seclass.sdpvocabquiz"
        }
      },
      "oauth_client": [
        {
          "client_id": "806278967215-4n4abu92g2r54en6q85o9djctc38pn7f.apps.googleusercontent.com",
          "client_type": 3
        }
      ],
      "api_key": [
        {
          "current_key": "AIzaSyBESxhTgLcgkmxyNJ91pUWggfjFotKqfQI"
        }
      ],
      "services": {
        "analytics_service": {
          "status": 1
        },
        "appinvite_service": {
          "status": 1,
          "other_platform_oauth_client": []
        },
        "ads_service": {
          "status": 2
        }
      }
    }
  ],
  "configuration_version": "1"
}